{"cameraMode":{"drawMode":0,"name":"Shaded","section":"Shading Mode"},"sceneLighting":false,"audioPlay":false,"sceneViewState":{"showFog":true,"showMaterialUpdate":false,"showSkybox":true,"showFlares":true,"showImageEffects":true,"showParticleSystems":true},"in2DMode":false,"pivot":{"x":-10.403437614440918,"y":2.699160099029541,"z":-9.17329216003418},"rotation":{"x":0.2769206166267395,"y":0.7226471900939941,"z":-0.4622867703437805,"w":0.43288224935531618},"size":53.12006378173828,"orthographic":false}