{"cameraMode":{"drawMode":0,"name":"Shaded","section":"Shading Mode"},"sceneLighting":false,"audioPlay":false,"sceneViewState":{"showFog":true,"showMaterialUpdate":false,"showSkybox":true,"showFlares":true,"showImageEffects":true,"showParticleSystems":true},"in2DMode":false,"pivot":{"x":-11.481490135192871,"y":-1.6701191663742066,"z":6.138457298278809},"rotation":{"x":0.06412453204393387,"y":-0.9251797199249268,"z":0.3271855413913727,"w":0.18132904171943665},"size":17.116785049438478,"orthographic":false}