{"cameraMode":{"drawMode":0,"name":"Shaded","section":"Shading Mode"},"sceneLighting":false,"audioPlay":false,"sceneViewState":{"showFog":true,"showMaterialUpdate":false,"showSkybox":true,"showFlares":true,"showImageEffects":true,"showParticleSystems":true},"in2DMode":false,"pivot":{"x":19.604475021362306,"y":0.6881517171859741,"z":-11.061954498291016},"rotation":{"x":0.18124526739120484,"y":-0.04154284670948982,"z":0.007664792705327272,"w":0.9825302958488464},"size":3.7578837871551515,"orthographic":false}