{"cameraMode":{"drawMode":0,"name":"Shaded","section":"Shading Mode"},"sceneLighting":true,"audioPlay":false,"sceneViewState":{"showFog":true,"showMaterialUpdate":false,"showSkybox":true,"showFlares":true,"showImageEffects":true,"showParticleSystems":true},"in2DMode":false,"pivot":{"x":-17.1744384765625,"y":7.519692897796631,"z":-16.502090454101564},"rotation":{"x":0.06412453204393387,"y":-0.9251797199249268,"z":0.3271855413913727,"w":0.18132904171943665},"size":29.16647720336914,"orthographic":false}